income,county,tract
45582,061,000201
34710,061,000202
25655,061,000600
184730,061,000700
28607,061,000800
222167,061,000900
109352,061,001001
23658,061,001002
91154,061,001200
199576,061,001300
89873,061,001401
46615,061,001402
119293,061,001501
160466,061,001502
46860,061,001600
74485,061,001800
26031,061,002000
250001,061,002100
35700,061,002201
121389,061,002202
17922,061,002400
21949,061,002500
35625,061,002601
71907,061,002602
134583,061,002700
52305,061,002800
11406,061,002901
90222,061,003001
68382,061,003002
190769,061,003100
88070,061,003200
250001,061,003300
109148,061,003400
55714,061,003601
144464,061,003602
246250,061,003700
68647,061,003800
190588,061,003900
122383,061,004001
153838,061,004002
100096,061,004100
163750,061,004200
97133,061,004300
142975,061,004400
158393,061,004500
148750,061,004700
173239,061,004800
141731,061,004900
194750,061,005000
193958,061,005200
152018,061,005400
190408,061,005501
138854,061,005502
186028,061,005600
236250,061,005700
186191,061,005800
166250,061,005900
202632,061,006000
250001,061,006100
96912,061,006200
172687,061,006300
118201,061,006400
118698,061,006500
126995,061,006600
120964,061,006700
146051,061,006800
231136,061,006900
153902,061,007001
143183,061,007002
173615,061,007100
139577,061,007200
146964,061,007300
192897,061,007400
119250,061,007500
127308,061,007600
161094,061,007700
149915,061,007800
127188,061,007900
163454,061,008000
156265,061,008100
222273,061,008200
70986,061,008300
250001,061,008400
161548,061,008601
215981,061,008603
136620,061,008700
117442,061,008800
95355,061,008900
149063,061,009000
188867,061,009100
166734,061,009200
94441,061,009300
171875,061,009400
176944,061,009500
67218,061,009700
124433,061,009800
250001,061,009901
148706,061,009902
175333,061,009903
103417,061,010000
97242,061,010100
91157,061,010200
103838,061,010300
181333,061,010400
224898,061,010601
190685,061,010602
169293,061,010801
131171,061,010802
160111,061,010803
146042,061,010900
163371,061,011000
102297,061,011100
198750,061,011201
198000,061,011202
204375,061,011203
82500,061,011300
250001,061,011401
176667,061,011402
145521,061,011500
90938,061,011600
109740,061,011700
159134,061,011800
15971,061,011900
153086,061,012000
56935,061,012101
54735,061,012102
231016,061,012200
140250,061,012400
137772,061,012500
104460,061,012601
194650,061,012602
145488,061,012700
205685,061,012800
117622,061,012901
100991,061,012902
191016,061,013000
107018,061,013100
157969,061,013201
80132,061,013202
114304,061,013203
111223,061,013300
140883,061,013400
115574,061,013501
67279,061,013502
243496,061,013601
161100,061,013602
120194,061,013603
159876,061,013604
189541,061,013700
134167,061,013800
91045,061,013900
158780,061,014000
250001,061,014200
204073,061,014401
141232,061,014402
198766,061,014500
140150,061,014601
124125,061,014602
221482,061,014700
244250,061,014801
161161,061,014802
164779,061,014900
191719,061,015001
250001,061,015002
28191,061,015101
158593,061,015102
124571,061,015200
141363,061,015301
170804,061,015302
113340,061,015401
138413,061,015402
88890,061,015403
186116,061,015501
146563,061,015502
114409,061,015601
51404,061,015602
154237,061,015700
159712,061,015801
92303,061,015802
170496,061,015900
250001,061,016001
104146,061,016002
132396,061,016100
26520,061,016200
125944,061,016300
24789,061,016400
211888,061,016500
44643,061,016600
223952,061,016700
38281,061,016800
163500,061,016900
42261,061,017000
173490,061,017100
31068,061,017200
122287,061,017300
37990,061,017401
65391,061,017402
171250,061,017500
103065,061,017700
40978,061,017800
158109,061,017900
26321,061,018000
108315,061,018100
36696,061,018200
146918,061,018300
34279,061,018400
146976,061,018500
45221,061,018600
135716,061,018700
41288,061,018800
37641,061,018900
92991,061,019000
135934,061,019100
16911,061,019200
72865,061,019300
36458,061,019400
113379,061,019500
21967,061,019600
49336,061,019701
97981,061,019702
96771,061,019800
95313,061,019900
70150,061,020000
151667,061,020101
75721,061,020102
63819,061,020300
209667,061,020500
48161,061,020600
69800,061,020701
92132,061,020800
22743,061,020901
40164,061,021000
75954,061,021100
77230,061,021200
59413,061,021303
67083,061,021400
67206,061,021500
59784,061,021600
42500,061,021800
22207,061,021900
89756,061,022000
92375,061,022102
56705,061,022200
53900,061,022301
34167,061,022302
30667,061,022400
62782,061,022500
58596,061,022600
61570,061,022700
85050,061,022800
58924,061,022900
34890,061,023000
64594,061,023100
35438,061,023200
86769,061,023300
71250,061,023400
77222,061,023501
42267,061,023502
41941,061,023600
47333,061,023700
103068,061,023802
77070,061,023803
180677,061,023804
45036,061,023900
59054,061,024100
31691,061,024200
72576,061,024301
26301,061,024302
51190,061,024500
42446,061,024700
87917,061,024900
35647,061,025100
67045,061,025300
64761,061,025500
85952,061,025700
76047,061,025900
49248,061,026100
56754,061,026300
98086,061,026500
61667,061,026700
65743,061,026900
81890,061,027100
118346,061,027300
165000,061,027500
37681,061,027700
57671,061,027900
112969,061,028100
67417,061,028300
47148,061,028500
77648,061,028700
55231,061,029100
43866,061,029300
78209,061,029500
29038,061,029900
85114,061,030300
113510,061,030700
44498,061,030900
250001,061,031703
233346,061,031704
115064,005,000200
100553,005,000400
41362,005,001600
49500,005,001901
67375,005,001902
24684,005,002001
19743,005,002300
27378,005,002500
21427,005,002701
29206,005,002702
64308,005,002800
41370,005,003100
24122,005,003300
34185,005,003500
88077,005,003800
20640,005,003900
70536,005,004001
27328,005,004100
52423,005,004200
34890,005,004300
17319,005,004400
17083,005,004600
34436,005,004800
34087,005,005001
36598,005,005002
22850,005,005100
29657,005,005200
26437,005,005300
48750,005,005400
39572,005,005600
48456,005,005902
47375,005,006000
66430,005,006100
30236,005,006200
55396,005,006301
24730,005,006400
22985,005,006500
17390,005,006700
29844,005,006800
29627,005,006900
57905,005,007000
44792,005,007100
63449,005,007200
28166,005,007300
53166,005,007400
34484,005,007500
53784,005,007600
48846,005,007700
61328,005,007800
34604,005,007900
50920,005,008300
67724,005,008400
34543,005,008500
23987,005,008600
36402,005,008700
41484,005,008900
33831,005,009000
56208,005,009200
47185,005,009301
53333,005,009600
56128,005,009800
28592,005,011502
33967,005,011701
109396,005,011800
34335,005,011900
55000,005,012101
43472,005,012102
47402,005,012300
51875,005,012500
44667,005,012701
40575,005,012901
59083,005,013000
17410,005,013100
104651,005,013200
34055,005,013300
27602,005,013500
84042,005,013800
35506,005,014100
16678,005,014300
29213,005,014400
27352,005,014500
25858,005,014701
21196,005,014702
41311,005,014900
28618,005,015100
77238,005,015200
38862,005,015300
37168,005,015500
39776,005,015700
70357,005,015800
24485,005,015900
96838,005,016000
22286,005,016100
115278,005,016200
66912,005,016400
46179,005,016500
105764,005,016600
41500,005,016700
50107,005,016900
17446,005,017300
26463,005,017500
30375,005,017701
47963,005,017702
47035,005,017901
41475,005,017902
33950,005,018102
56508,005,018301
72540,005,018302
117819,005,018400
50177,005,018501
21635,005,018502
45770,005,018900
38663,005,019300
70185,005,019400
33412,005,019500
34871,005,019700
35139,005,019900
46021,005,020000
37433,005,020100
53651,005,020200
59138,005,020400
17056,005,020501
28510,005,020502
55648,005,020601
44769,005,020900
46269,005,021001
71397,005,021002
42077,005,021100
66329,005,021200
34470,005,021301
23639,005,021302
39756,005,021501
19904,005,021502
45156,005,021601
60286,005,021602
40394,005,021700
55804,005,021800
45906,005,021900
32174,005,022000
55078,005,022101
50051,005,022102
52734,005,022200
33646,005,022300
63571,005,022401
88534,005,022403
66121,005,022404
52834,005,022500
31500,005,022701
27165,005,022702
75489,005,022703
86549,005,022800
50023,005,022901
51964,005,022902
55625,005,023000
55179,005,023100
55288,005,023200
31887,005,023301
52092,005,023302
39419,005,023501
49286,005,023502
73152,005,023600
53304,005,023702
21551,005,023703
34875,005,023704
72198,005,023800
46927,005,023900
76250,005,024000
45425,005,024100
29747,005,024300
58603,005,024400
43504,005,024501
33333,005,024502
86932,005,024600
50993,005,024700
64961,005,024800
98700,005,025000
44845,005,025100
85192,005,025200
49906,005,025300
78500,005,025400
39231,005,025500
51053,005,025600
57241,005,025700
61552,005,026100
37361,005,026300
70463,005,026400
57900,005,026500
47778,005,026601
46069,005,026602
49167,005,026701
65500,005,026702
27374,005,026900
54396,005,027300
89925,005,027401
101142,005,027402
29939,005,027700
57129,005,027900
67917,005,028100
70543,005,028500
87917,005,028600
68370,005,028700
86757,005,028800
53138,005,028900
137917,005,029301
121250,005,029302
95435,005,029500
55486,005,029600
97132,005,029700
90307,005,030000
81351,005,030100
68948,005,030201
59107,005,030202
134700,005,030701
116417,005,030900
121617,005,031000
118529,005,031200
115368,005,031400
97202,005,031600
91625,005,031800
96678,005,032300
40239,005,032400
104870,005,032600
46648,005,032800
44785,005,033000
37898,005,033201
42114,005,033202
107054,005,033500
27674,005,033601
58947,005,033602
144886,005,033700
68330,005,033801
69960,005,033802
64727,005,034000
67809,005,034200
87950,005,034300
73438,005,034400
118583,005,034500
47593,005,034800
69178,005,035000
110513,005,035100
98523,005,035600
85804,005,035800
24823,005,035900
96250,005,036000
24728,005,036100
26524,005,036300
62188,005,036400
41287,005,036501
31729,005,036502
66563,005,036800
25469,005,036901
15000,005,036902
82039,005,037000
21250,005,037100
68030,005,037200
50232,005,037300
36398,005,037400
29330,005,037504
69345,005,037600
43333,005,037800
35431,005,037900
41942,005,038000
36722,005,038100
73077,005,038200
47394,005,038301
26837,005,038303
20625,005,038304
24605,005,038500
62340,005,038600
42174,005,038700
63341,005,038800
42574,005,038900
59758,005,039000
31769,005,039100
61458,005,039200
31107,005,039300
62712,005,039400
23194,005,039500
41547,005,039600
35493,005,039700
51629,005,039800
39524,005,039901
50534,005,039902
26406,005,040100
40938,005,040302
39023,005,040303
33218,005,040304
83333,005,040400
42037,005,040501
39486,005,040502
48157,005,040600
50068,005,040701
34724,005,040702
35476,005,040800
58466,005,040900
42484,005,041100
62386,005,041300
63603,005,041400
42188,005,041500
58090,005,041800
49667,005,041900
32672,005,042000
52714,005,042100
72091,005,042200
63723,005,042300
97083,005,042400
42839,005,042500
87763,005,042600
104205,005,042800
41658,005,042901
48162,005,042902
78482,005,043000
39792,005,043101
38569,005,043102
71849,005,043400
26523,005,043501
88438,005,043503
60536,005,043600
40089,005,044200
99960,005,044400
102250,005,044800
98007,005,044901
88264,005,044902
73021,005,045101
93510,005,045102
114525,005,045600
27753,005,045800
40500,005,046000
41371,005,046203
73104,005,046204
46401,005,046205
48475,005,046206
69637,005,046207
88817,005,046208
31801,005,046209
82451,005,048401
129109,005,051601
165188,047,000100
78942,047,000200
193158,047,000301
140795,047,000501
169313,047,000502
180515,047,000700
218500,047,000900
166250,047,001100
148542,047,001300
94323,047,001501
130471,047,001502
77969,047,002000
250001,047,002100
40708,047,002200
21841,047,002300
22943,047,002901
122861,047,003000
173466,047,003101
125778,047,003300
103971,047,003400
142813,047,003500
85183,047,003600
169709,047,003700
142644,047,003800
136307,047,003900
214275,047,004100
162500,047,004300
135474,047,004400
165714,047,004500
145417,047,004700
160694,047,004900
127431,047,005000
167650,047,005100
22625,047,005201
103673,047,005202
166302,047,005301
129659,047,005302
79370,047,005400
72788,047,005601
97750,047,005602
73483,047,005800
103578,047,005900
69583,047,006000
74698,047,006200
175813,047,006300
82439,047,006400
178041,047,006500
90074,047,006600
218393,047,006700
63010,047,006800
139384,047,006901
250001,047,006902
81755,047,007000
55521,047,007100
63352,047,007200
70508,047,007400
150854,047,007500
57147,047,007600
199067,047,007700
66029,047,007800
75125,047,008000
44013,047,008200
97232,047,008400
21988,047,008500
64741,047,008800
44026,047,009001
49565,047,009002
76688,047,009201
52775,047,009202
47104,047,009401
71375,047,009402
75134,047,009600
59342,047,009800
64107,047,010000
118906,047,010100
61643,047,010200
54250,047,010401
31645,047,010402
43625,047,010601
63232,047,010602
68900,047,010801
59145,047,010802
77500,047,011000
52172,047,011200
67955,047,011400
47197,047,011600
118393,047,011700
61842,047,011800
134167,047,011901
69030,047,012000
114552,047,012100
54038,047,012200
58643,047,012600
117627,047,012700
65313,047,012801
232530,047,012901
148438,047,012902
80246,047,013000
134479,047,013100
93750,047,013200
213227,047,013300
108654,047,013400
210667,047,013500
104191,047,013600
158594,047,013700
93117,047,013800
163125,047,013900
55250,047,014000
142750,047,014101
127768,047,014102
80476,047,014200
122344,047,014300
112596,047,014500
133194,047,014700
71250,047,014800
143859,047,014901
142625,047,014902
78235,047,015000
192411,047,015100
87667,047,015200
138182,047,015300
215583,047,015500
186686,047,015700
203936,047,015900
96411,047,016000
168594,047,016100
87446,047,016200
145481,047,016300
136583,047,016400
241579,047,016500
130417,047,016600
207095,047,016700
111673,047,016800
155873,047,016900
98095,047,017000
158269,047,017100
127188,047,017200
101701,047,017400
102344,047,017600
73417,047,017800
110625,047,017900
62637,047,018000
164904,047,018100
66083,047,018200
182401,047,018300
69844,047,018400
46723,047,018501
77500,047,018600
116842,047,018700
68304,047,018800
63289,047,019000
148051,047,019100
63807,047,019200
72806,047,019300
49309,047,019400
110594,047,019500
82500,047,019600
114191,047,019700
81719,047,019800
123107,047,019900
91750,047,020000
142589,047,020100
87917,047,020200
191083,047,020300
95855,047,020400
149643,047,020500
95104,047,020600
175833,047,020700
62723,047,020800
64250,047,021000
87850,047,021100
62519,047,021200
80275,047,021300
78272,047,021400
109130,047,021500
37267,047,021600
88828,047,021700
66169,047,021800
114750,047,021900
44716,047,022000
63636,047,022100
48594,047,022200
57457,047,022400
79022,047,022600
122400,047,022700
40089,047,022800
121997,047,022900
53208,047,023000
150288,047,023100
62973,047,023200
80000,047,023300
31411,047,023400
65417,047,023500
36524,047,023600
40335,047,023800
43371,047,024000
76528,047,024100
56250,047,024200
94107,047,024300
58342,047,024400
100547,047,024500
76652,047,024600
63200,047,024700
61466,047,024800
85871,047,024900
51875,047,025000
56111,047,025100
54750,047,025200
87981,047,025300
83637,047,025400
22291,047,025500
69181,047,025600
106579,047,025700
57431,047,025800
75341,047,025901
21674,047,025902
61118,047,026000
81827,047,026100
107760,047,026200
77546,047,026300
73029,047,026400
77545,047,026500
51724,047,026600
121771,047,026700
80500,047,026800
89573,047,026900
43269,047,027000
96016,047,027100
64286,047,027200
95735,047,027300
51738,047,027400
85466,047,027500
60652,047,027600
67926,047,027700
66113,047,027800
65433,047,027900
84076,047,028000
43176,047,028100
51646,047,028200
43254,047,028300
58373,047,028400
55192,047,028501
34659,047,028502
45918,047,028600
58247,047,028700
58000,047,028800
42456,047,028900
55545,047,029000
101719,047,029100
45708,047,029200
52361,047,029300
82784,047,029400
100750,047,029500
58407,047,029600
86225,047,029700
55214,047,029800
66989,047,029900
52279,047,030000
110938,047,030100
83068,047,030200
35679,047,030300
53693,047,030400
127313,047,030500
55278,047,030600
42902,047,030700
64545,047,030800
67969,047,030900
82726,047,031100
98828,047,031300
81643,047,031401
88200,047,031500
104056,047,031701
107106,047,031702
89468,047,031900
73949,047,032100
72353,047,032300
86282,047,032500
37183,047,032600
68611,047,032700
45603,047,032800
92769,047,032900
20329,047,033000
48306,047,033100
74115,047,033300
80833,047,033500
83833,047,033600
61456,047,033701
74318,047,033702
44947,047,033900
30194,047,034000
81116,047,034100
20706,047,034200
25083,047,034300
55774,047,034500
35992,047,034700
57750,047,034800
50150,047,034901
47444,047,034902
50599,047,035000
42429,047,035101
41250,047,035102
12110,047,035200
39688,047,035301
94663,047,035302
56930,047,035400
54005,047,035500
30450,047,035601
57764,047,035602
45296,047,035701
67264,047,035900
28952,047,036001
38047,047,036002
21398,047,036100
51768,047,036200
34916,047,036300
56682,047,036400
64531,047,036501
47279,047,036502
48075,047,036600
66410,047,036700
38036,047,036900
79688,047,037000
98281,047,037100
71518,047,037300
56667,047,037401
57667,047,037402
80268,047,037500
77302,047,037700
49427,047,037900
56909,047,038100
20908,047,038200
82286,047,038300
90275,047,038500
90219,047,038600
76150,047,038700
76221,047,038800
83036,047,038900
78088,047,039000
96870,047,039100
54276,047,039200
98672,047,039300
50139,047,039400
52188,047,039500
82868,047,039600
79087,047,039700
81078,047,039800
61543,047,039900
56541,047,040000
60750,047,040100
67986,047,040200
86309,047,040300
98482,047,040400
66362,047,040500
75885,047,040600
90000,047,040800
63626,047,040900
57000,047,041000
58377,047,041100
115714,047,041200
86190,047,041300
52750,047,041401
45625,047,041402
93211,047,041500
62050,047,041600
31250,047,041700
53830,047,041800
62656,047,041900
82606,047,042000
97250,047,042100
67277,047,042200
95506,047,042300
65278,047,042400
89044,047,042500
77500,047,042600
91750,047,042700
78807,047,042800
67908,047,042900
52652,047,043000
86530,047,043100
81548,047,043200
40000,047,043300
60724,047,043400
82967,047,043500
74197,047,043600
59643,047,043700
70344,047,043800
71471,047,043900
85000,047,044000
63378,047,044100
69722,047,044200
94327,047,044300
65500,047,044400
84318,047,044500
59464,047,044600
86595,047,044700
76364,047,044800
55156,047,044901
84583,047,045000
71890,047,045200
61420,047,045300
88456,047,045400
83289,047,045600
87708,047,045800
78155,047,046000
40058,047,046201
88092,047,046202
63654,047,046400
39262,047,046800
69545,047,047000
76833,047,047200
61544,047,047400
54149,047,047600
176190,047,047700
57228,047,047800
35088,047,048000
103529,047,048100
53301,047,048200
80324,047,048400
106893,047,048500
58722,047,048600
72254,047,048800
28503,047,048900
69575,047,049000
41156,047,049100
99444,047,049200
24153,047,049301
51860,047,049302
96791,047,049400
101875,047,049500
71952,047,049600
129489,047,049700
73066,047,049800
101250,047,049900
113780,047,050001
117708,047,050002
103846,047,050100
93995,047,050202
151250,047,050300
139947,047,050401
136825,047,050402
70361,047,050500
71316,047,050600
54342,047,050700
68125,047,050801
77625,047,050803
98729,047,050804
35333,047,050900
57464,047,051001
60193,047,051002
72803,047,051100
95236,047,051200
126358,047,051300
93630,047,051400
183056,047,051500
63672,047,051601
66875,047,051602
191964,047,051700
92098,047,051800
205184,047,051900
118343,047,052000
91111,047,052300
30078,047,052500
83152,047,052600
61563,047,052700
120156,047,052800
38690,047,052900
68234,047,053000
19392,047,053101
66487,047,053102
70816,047,053200
27359,047,053300
58800,047,053400
27083,047,053500
42143,047,053700
67521,047,053800
32321,047,053900
60750,047,054200
70927,047,054400
34091,047,054500
60725,047,054600
77279,047,054700
83750,047,054800
163269,047,054900
58409,047,055000
120841,047,055100
91731,047,055200
131016,047,055300
70833,047,055400
187115,047,055500
66048,047,055600
117353,047,055700
68994,047,055800
68859,047,056000
146250,047,056100
122292,047,056200
139760,047,056301
76908,047,056302
84524,047,056400
113634,047,056500
79236,047,056600
88661,047,056800
155804,047,056900
77121,047,057000
135188,047,057100
40330,047,057200
106765,047,057300
89125,047,057400
138750,047,057500
81711,047,057600
53939,047,057800
140781,047,057901
36984,047,058000
54567,047,058200
71944,047,058400
79143,047,058600
85074,047,058800
100938,047,058901
72292,047,059000
130372,047,059100
54919,047,059200
106389,047,059300
77500,047,059402
79148,047,059403
76179,047,059404
53212,047,059600
80633,047,059800
94482,047,060000
94722,047,060600
68349,047,060800
78468,047,061002
49010,047,061003
38137,047,061004
148693,047,061200
172462,047,061600
87052,047,062000
66313,047,062200
76125,047,062600
108227,047,062800
87667,047,063200
117237,047,063600
87375,047,063800
144750,047,064000
70625,047,064200
91563,047,064400
92394,047,064600
115669,047,064800
85022,047,065000
94643,047,065200
124750,047,065400
113676,047,065600
82917,047,065800
142907,047,066000
70662,047,066200
90272,047,067000
79728,047,067200
129028,047,067400
106833,047,067600
101944,047,067800
91625,047,068000
101976,047,068200
88194,047,068600
89750,047,068800
102083,047,069000
96375,047,069200
91745,047,069601
90917,047,069602
138688,047,069800
90522,047,070000
115144,047,070201
167857,047,070601
72305,047,072000
54583,047,072200
82218,047,072400
98235,047,072600
71218,047,072800
130192,047,073000
70250,047,073200
96944,047,073400
66213,047,073600
52221,047,073800
64211,047,074000
71940,047,074200
155417,047,074400
106923,047,074600
88958,047,074800
96207,047,075000
156513,047,075200
138929,047,075400
87396,047,075600
55061,047,075800
52021,047,076000
52929,047,076200
81071,047,076400
76964,047,076600
71250,047,076800
86768,047,077000
83971,047,077200
86455,047,077400
75335,047,077600
110625,047,078000
65183,047,078200
101000,047,078400
73322,047,078601
70060,047,078602
56314,047,078801
61635,047,078802
106667,047,079001
58859,047,079002
76776,047,079201
75370,047,079202
77153,047,079400
69223,047,079601
74769,047,079602
77214,047,079801
92757,047,079802
102431,047,080000
95781,047,080200
56722,047,080400
70954,047,080600
12854,047,080800
71607,047,081000
72632,047,081400
100000,047,081600
71464,047,081800
55000,047,082000
81484,047,082200
54900,047,082400
76181,047,082600
70380,047,082800
62177,047,083000
93803,047,083200
97500,047,083400
91378,047,083600
69550,047,083800
88646,047,084000
59792,047,084600
98125,047,084800
99519,047,085000
69125,047,085400
76667,047,085600
54063,047,085800
73450,047,086000
58542,047,086200
67143,047,086400
72863,047,086600
52539,047,086800
59884,047,087000
74219,047,087200
38798,047,087401
47105,047,087600
60947,047,087800
59799,047,088001
97614,047,088002
46461,047,088200
43347,047,088400
48949,047,088600
51335,047,088800
62667,047,089000
28697,047,089200
51221,047,089400
33042,047,089600
76726,047,089800
33889,047,090000
50625,047,090200
24972,047,090600
23821,047,090800
16628,047,091000
18502,047,091200
26581,047,091600
40525,047,091800
39005,047,092000
48095,047,092200
33586,047,092400
82645,047,092800
94188,047,093000
36042,047,093200
86641,047,093400
74402,047,093600
78018,047,093800
80064,047,094401
25208,047,094402
90750,047,094600
96607,047,095000
93356,047,095400
98750,047,095600
70826,047,095800
84048,047,096200
102639,047,096400
67018,047,096600
97679,047,096800
64716,047,097000
85234,047,097400
23639,047,098200
112450,047,098400
94583,047,098600
75662,047,098800
88537,047,099000
88429,047,099200
89744,047,099400
73656,047,099600
91458,047,099800
83872,047,100400
106250,047,100600
89191,047,100800
62330,047,101000
89773,047,101200
72367,047,101400
122125,047,101600
93243,047,101800
109565,047,102000
90000,047,102200
76724,047,102400
110592,047,102600
72121,047,102801
17824,047,103401
23657,047,105801
45000,047,105804
60919,047,107001
75881,047,107800
66985,047,109800
62143,047,110400
29919,047,110600
31674,047,111000
85011,047,111600
80467,047,111800
74089,047,112000
28778,047,112200
44375,047,112400
69932,047,112600
52477,047,112800
53263,047,113000
47667,047,113200
27170,047,113400
41657,047,114201
62241,047,114202
77957,047,114400
83476,047,114600
71429,047,115000
53135,047,115200
28585,047,115600
62538,047,115800
57462,047,116000
59412,047,116200
66557,047,116400
50625,047,116600
65257,047,116800
62273,047,117201
64167,047,117202
73566,047,117601
56970,047,117602
55938,047,117800
87180,047,118201
62237,047,118202
63454,047,118400
80147,047,118600
56599,047,118800
39021,047,119000
85250,047,119200
69365,047,119400
50563,047,119600
39940,047,119800
43546,047,120000
114153,047,120200
57313,047,120801
33190,047,120802
72451,047,120803
17708,047,121000
24964,047,121400
57055,047,122000
51157,047,123700
128472,047,150200
224808,047,152200
124885,081,000101
213750,081,000102
72200,081,000200
78454,081,000400
75074,081,000600
145922,081,000701
125114,081,000702
103671,081,000800
88250,081,001000
74870,081,001200
81034,081,001400
76250,081,001600
100000,081,001800
170078,081,001901
157877,081,001902
154432,081,001903
87833,081,002000
78018,081,002200
61042,081,002400
21667,081,002500
123281,081,002600
87899,081,002800
84750,081,003000
95556,081,003100
113462,081,003200
154420,081,003301
53417,081,003302
79728,081,003400
86582,081,003600
85859,081,003800
53468,081,003900
82176,081,004001
46552,081,004002
92677,081,004200
24125,081,004300
73182,081,004401
76688,081,004500
56758,081,004700
79155,081,005100
79342,081,005200
112258,081,005300
79865,081,005400
132500,081,005500
94884,081,005700
91075,081,005800
88099,081,005900
111923,081,006100
71699,081,006201
72061,081,006202
114783,081,006300
102375,081,006501
81556,081,006502
117167,081,006900
114917,081,007100
112500,081,007300
82838,081,007500
118125,081,007700
109598,081,007900
116875,081,008100
89500,081,008300
103625,081,008500
66875,081,008600
16639,081,008700
113891,081,008800
94881,081,009100
89792,081,009400
104028,081,009500
105156,081,009600
117500,081,009700
78875,081,009800
112390,081,010000
105063,081,010100
99265,081,010200
76118,081,010300
81552,081,010400
61589,081,010500
112083,081,010600
88224,081,010800
81563,081,011000
97465,081,011100
64741,081,011200
94300,081,011300
107670,081,011400
106458,081,011500
66250,081,011600
114797,081,011700
81628,081,011800
76889,081,011900
93763,081,012000
97500,081,012100
89063,081,012200
115735,081,012301
84219,081,012400
94250,081,012500
75135,081,012601
78537,081,012602
96755,081,012800
71719,081,013000
76250,081,013200
79722,081,013400
97167,081,013500
79968,081,013600
113708,081,013700
100833,081,013800
109042,081,014000
98281,081,014100
58152,081,014201
63986,081,014202
84543,081,014300
64464,081,014400
78750,081,014500
76875,081,014700
64635,081,014900
112900,081,015000
78468,081,015100
80787,081,015200
76979,081,015300
89940,081,015400
103971,081,015500
78750,081,015600
68277,081,015700
92194,081,015801
103800,081,015802
85718,081,015900
95096,081,016100
40313,081,016300
94632,081,016400
66715,081,016600
111771,081,016800
74916,081,016900
92115,081,017000
79643,081,017200
102663,081,017400
70750,081,017600
74609,081,017800
66379,081,017901
84643,081,018000
81441,081,018101
83995,081,018102
81977,081,018200
84761,081,018300
55179,081,018401
92344,081,018402
80728,081,018501
111875,081,018502
88636,081,018600
90817,081,018700
110417,081,018800
81106,081,018900
80282,081,019000
91681,081,019200
85571,081,019400
89808,081,019600
75625,081,019800
53958,081,019901
77440,081,020200
61433,081,020400
64583,081,020500
75114,081,020600
70417,081,020800
60250,081,021200
64643,081,021400
99630,081,021601
69178,081,021602
84375,081,022001
103207,081,022002
108646,081,023000
82600,081,023200
57340,081,023501
72000,081,023502
68750,081,023600
68024,081,023800
63667,081,024000
64162,081,024300
61439,081,024500
59811,081,024700
70676,081,024900
96032,081,025100
65667,081,025301
77188,081,025302
92121,081,025401
40068,081,025402
92426,081,025500
81806,081,025700
91471,081,025800
71750,081,025900
68892,081,026000
63750,081,026100
77200,081,026200
82481,081,026300
72083,081,026400
51359,081,026501
108720,081,026502
26875,081,026600
50316,081,026700
61488,081,026901
55298,081,026902
111139,081,027000
58906,081,027101
71031,081,027102
83816,081,027200
63110,081,027301
52404,081,027302
63267,081,027400
54986,081,027500
95893,081,027600
61257,081,027701
75702,081,027702
48889,081,027800
81165,081,027900
70465,081,028000
71832,081,028100
66071,081,028200
76747,081,028300
103664,081,028400
101250,081,028500
74543,081,028700
94821,081,028801
84835,081,028802
75547,081,028900
63740,081,029100
70452,081,029300
100044,081,029400
84972,081,029500
98125,081,029700
93537,081,030600
80385,081,030903
55406,081,030904
93125,081,030905
79075,081,030906
71822,081,031700
93692,081,032000
60398,081,032700
92500,081,032800
55529,081,032900
96357,081,033000
67331,081,033401
51520,081,033403
34237,081,033404
77161,081,033405
98832,081,033700
61627,081,033900
71464,081,034700
73536,081,035100
105750,081,035200
101607,081,035300
84242,081,035700
89570,081,035800
71433,081,036100
74148,081,036300
67625,081,036500
76181,081,036600
54750,081,036700
85455,081,036800
69424,081,037100
78413,081,037300
56458,081,037501
68725,081,037502
112708,081,037600
88286,081,037700
77904,081,037900
75521,081,038100
97946,081,038400
99950,081,039400
123864,081,039800
111563,081,039901
57784,081,039902
96354,081,040000
58512,081,040101
71283,081,040102
131761,081,040200
34457,081,040301
75385,081,040302
85063,081,040400
95159,081,040501
88893,081,040502
79558,081,040701
93182,081,040702
98750,081,040901
70104,081,040902
64568,081,041100
71932,081,041300
86495,081,041400
65112,081,041500
77445,081,042400
52007,081,042700
88355,081,043200
98274,081,043400
74205,081,043701
61649,081,043702
69919,081,043900
56518,081,044000
26172,081,044301
60654,081,044302
42521,081,044400
52653,081,044601
44700,081,044602
65227,081,044800
137109,081,045000
71550,081,045200
65610,081,045400
75033,081,045500
75500,081,045600
78500,081,045700
80380,081,045800
78104,081,045900
67267,081,046000
69750,081,046100
56062,081,046200
70451,081,046300
109076,081,046400
76833,081,046500
71538,081,046600
65564,081,046700
81280,081,046800
67381,081,046901
78646,081,046902
65833,081,047000
55068,081,047100
116101,081,047200
65538,081,047300
79631,081,047500
109846,081,047600
39962,081,047801
91483,081,047802
79796,081,047900
92984,081,048000
69063,081,048100
70766,081,048200
69556,081,048301
86250,081,048302
77014,081,048400
73362,081,048500
56600,081,048900
66992,081,049201
104076,081,049202
71950,081,049301
63125,081,049302
95375,081,049500
100809,081,049600
63250,081,049700
80290,081,049900
80513,081,050000
84233,081,050201
78750,081,050202
108598,081,050400
97750,081,050500
138000,081,050600
82703,081,050700
73333,081,050800
107601,081,051000
118375,081,051100
115000,081,051200
106949,081,051300
100864,081,051500
111750,081,051600
118587,081,051700
103456,081,051800
82426,081,052000
106150,081,052100
72063,081,052200
107135,081,052400
76827,081,052500
89051,081,052600
84113,081,052800
125938,081,053000
62143,081,053100
88802,081,053200
127000,081,053401
82697,081,053501
103618,081,053800
88585,081,053901
60329,081,054000
81439,081,054200
59980,081,054500
111641,081,054700
103333,081,054800
89283,081,054900
81000,081,055100
66357,081,055200
84315,081,055300
90685,081,055400
75917,081,055500
122357,081,055600
86346,081,055700
80536,081,055800
77188,081,055900
106667,081,056000
96528,081,056200
86667,081,056400
118319,081,056500
70938,081,056600
107540,081,056700
106354,081,056800
83438,081,057700
70841,081,057900
122411,081,058000
74085,081,058100
116369,081,058200
103774,081,058300
86667,081,058500
98016,081,058700
75089,081,058900
86000,081,059000
72671,081,059100
97250,081,059200
78462,081,059300
149904,081,059400
75250,081,059501
59386,081,059502
88913,081,059600
103203,081,059800
84125,081,059900
94583,081,060000
88750,081,060100
90938,081,060300
98661,081,060600
130208,081,060800
107115,081,061000
127420,081,061200
72055,081,061301
144500,081,061400
101250,081,061601
121058,081,061602
96587,081,061800
82500,081,061900
112409,081,062000
87955,081,062100
115347,081,062200
77986,081,062300
74432,081,062500
111659,081,062600
76447,081,062700
94055,081,062900
116034,081,063000
120764,081,063200
101548,081,063301
134205,081,063302
105125,081,063500
99611,081,063700
116859,081,063800
113409,081,063900
84291,081,064101
92313,081,064500
118375,081,064600
121667,081,065000
101500,081,065401
103438,081,065600
84327,081,065702
110882,081,065703
111731,081,065900
82173,081,066000
107361,081,066100
118333,081,066301
104333,081,066402
102297,081,066403
82356,081,066501
117500,081,066701
95208,081,066900
114764,081,067100
115250,081,067700
60840,081,067900
128571,081,068000
92656,081,068200
66354,081,068300
68566,081,068700
127019,081,069000
72125,081,069300
105708,081,069400
116125,081,069500
101168,081,069701
84991,081,069702
91278,081,070300
108616,081,070700
109595,081,070900
102734,081,071100
98155,081,071303
100199,081,071304
108007,081,071305
81458,081,071306
55526,081,071701
99719,081,071702
63125,081,071900
98207,081,072100
198750,081,072300
127292,081,072900
159279,081,073100
117568,081,073700
113333,081,073900
101528,081,074100
76063,081,074300
53716,081,074500
106964,081,074700
222083,081,074900
111744,081,075701
118859,081,075702
99122,081,076901
113042,081,076902
101750,081,077300
100750,081,077500
102581,081,077902
98194,081,077903
104840,081,077904
91927,081,077905
81269,081,077906
71136,081,077907
78375,081,077908
98750,081,078800
94185,081,079000
74474,081,079200
53040,081,079701
62070,081,079702
48750,081,079900
54528,081,080301
91902,081,080302
60014,081,080900
136667,081,081400
96773,081,081800
58386,081,083700
103254,081,083800
102304,081,084000
32529,081,084500
89107,081,084601
79707,081,084602
60583,081,084901
57675,081,084902
35737,081,085300
41315,081,085500
56078,081,085700
56388,081,085900
41146,081,086100
51071,081,086300
131111,081,086400
51397,081,086500
55278,081,086900
46841,081,087100
102727,081,088400
39599,081,088902
57454,081,088903
157845,081,089201
85750,081,090700
134563,081,091603
101895,081,091900
153971,081,092200
65625,081,092500
151335,081,092800
100063,081,092900
110875,081,093401
110625,081,093402
72981,081,093800
91683,081,093900
76373,081,094201
54637,081,094202
67038,081,094203
70729,081,094500
84375,081,094700
82694,081,095400
104737,081,096400
27115,081,097202
73207,081,097204
23638,081,097205
45748,081,097206
113826,081,097300
102857,081,098100
98269,081,098700
109250,081,099100
33727,081,099200
116607,081,099701
109000,081,099703
92141,081,099704
139844,081,099705
69621,081,099801
46645,081,099802
140521,081,100801
47271,081,100803
118220,081,100804
53222,081,101002
68707,081,101003
41429,081,101004
112790,081,101700
86114,081,102900
61229,081,103201
85561,081,103202
97227,081,103300
75957,081,103900
69559,081,104700
103125,081,105900
103333,081,107201
68859,081,108500
137429,081,109300
121250,081,109700
100176,081,109900
112227,081,111300
97917,081,112300
95521,081,112900
115313,081,113300
87687,081,113900
130000,081,114100
96731,081,114700
94643,081,115100
83182,081,115500
59286,081,115700
60354,081,115900
48993,081,116100
35545,081,116301
64671,081,116302
55257,081,116700
74563,081,117100
77500,081,117500
88036,081,118100
59760,081,118500
64674,081,118700
51825,081,118900
41657,081,119100
49746,081,119300
109643,081,119500
109583,081,119900
69583,081,120100
57446,081,120300
27838,081,120500
104779,081,120701
95856,081,121500
91787,081,122300
25275,081,122702
69417,081,122703
78250,081,122704
87664,081,124100
112824,081,124700
80826,081,125700
141964,081,126500
96250,081,126700
140924,081,127700
132337,081,129102
74500,081,129103
100893,081,129104
81452,081,130100
129211,081,133300
114250,081,133900
88938,081,134100
85816,081,134701
83828,081,134702
105348,081,136700
108219,081,137700
91421,081,138501
128750,081,139900
91513,081,140300
120186,081,140901
100865,081,140902
71303,081,141700
82159,081,142900
116900,081,143500
113214,081,144100
95069,081,144700
77734,081,145101
81339,081,145102
99612,081,145900
79763,081,146300
102385,081,146700
83971,081,147100
98533,081,147900
125500,081,148300
143375,081,150701
106563,081,150702
94250,081,152901
117828,081,152902
81328,081,155101
109959,081,155103
138698,081,155104
65500,081,156700
102465,081,157101
119196,081,157102
115395,081,157901
103611,081,157902
130250,081,157903
132816,081,161700
102259,081,162100
74258,085,000300
41211,085,000600
64452,085,000700
100449,085,000800
62237,085,000900
73380,085,001100
63558,085,001700
83417,085,001800
76557,085,002001
79333,085,002002
47926,085,002100
33203,085,002700
55339,085,002900
103542,085,003300
88155,085,003600
84038,085,003900
59732,085,004001
126295,085,004002
24107,085,004003
120893,085,004700
76997,085,005000
90171,085,005901
63462,085,006400
139125,085,006700
74375,085,007001
91509,085,007002
73678,085,007400
108836,085,007500
89767,085,007700
78031,085,008100
103942,085,009601
76894,085,009602
112896,085,009701
90833,085,010500
110025,085,011201
76068,085,011203
83098,085,011401
96792,085,011402
160625,085,012100
107989,085,012200
120833,085,012500
84137,085,012804
123679,085,012805
62276,085,012806
127792,085,013201
126114,085,013203
102587,085,013204
25411,085,013301
111077,085,013302
76979,085,013400
141115,085,013800
64451,085,014100
125944,085,014604
129712,085,014605
92123,085,014606
119500,085,014607
130272,085,014608
111004,085,014700
116645,085,015100
131658,085,015601
136010,085,015602
97262,085,015603
143880,085,016901
113529,085,017005
100182,085,017007
93977,085,017009
126607,085,017011
107891,085,017012
91849,085,017013
100487,085,017014
113463,085,017015
116635,085,017016
41993,085,017300
175865,085,017600
153750,085,017701
111835,085,017702
99106,085,018100
123750,085,018701
94464,085,018703
118413,085,018704
147513,085,018901
102778,085,018902
113220,085,019700
122321,085,019800
127721,085,020100
59452,085,020701
32070,085,020702
117218,085,020803
91379,085,020804
115825,085,020805
90478,085,020806
79938,085,021300
59129,085,022300
117903,085,022601
87837,085,023100
87438,085,023900
123626,085,024401
129904,085,024402
81679,085,024700
131146,085,024800
120156,085,025100
110625,085,027301
95579,085,027302
70772,085,027702
100479,085,027704
98324,085,027705
73750,085,027706
141250,085,027900
99458,085,029102
107292,085,029104
111276,085,029105
118211,085,029106
111700,085,030301
98535,085,030302
45942,085,031901
75057,085,031902
88558,085,032300
